-- phpMyAdmin SQL Dump
-- version 4.9.0.1
-- https://www.phpmyadmin.net/
--
-- Host: 127.0.0.1
-- Generation Time: Feb 01, 2020 at 10:22 PM
-- Server version: 10.3.16-MariaDB
-- PHP Version: 7.1.30

SET SQL_MODE = "NO_AUTO_VALUE_ON_ZERO";
SET AUTOCOMMIT = 0;
START TRANSACTION;
SET time_zone = "+00:00";


/*!40101 SET @OLD_CHARACTER_SET_CLIENT=@@CHARACTER_SET_CLIENT */;
/*!40101 SET @OLD_CHARACTER_SET_RESULTS=@@CHARACTER_SET_RESULTS */;
/*!40101 SET @OLD_COLLATION_CONNECTION=@@COLLATION_CONNECTION */;
/*!40101 SET NAMES utf8mb4 */;

--
-- Database: `farsnews`
--

-- --------------------------------------------------------

--
-- Table structure for table `contact_us`
--

CREATE TABLE `contact_us` (
  `id` int(11) NOT NULL,
  `name` varchar(100) NOT NULL,
  `email` varchar(100) NOT NULL,
  `title` varchar(100) NOT NULL,
  `message` text NOT NULL
) ENGINE=InnoDB DEFAULT CHARSET=utf32;

--
-- Dumping data for table `contact_us`
--

INSERT INTO `contact_us` (`id`, `name`, `email`, `title`, `message`) VALUES
(1, 'زهرا', 'zahra.eghbal@yahoo.com', 'تحلیل اخبار', 'با تشکر از سایت فارس نیوز : ممنون میشم اگر امکان دارد، تحلیل اخبار خاورمیانه بطور دقیق تر گزارش شود.'),
(2, 'mahya', 'm@gmail.com', 'متشکرم', 'ممنونم از سایت خوبتون :)'),
(9, 'mohanna', 'golegolab@gmail.com', 'شکایت', 'از بس خوبی نمیدونم چی بگم!!');

-- --------------------------------------------------------

--
-- Table structure for table `news`
--

CREATE TABLE `news` (
  `id` int(11) NOT NULL,
  `title` varchar(200) NOT NULL,
  `excerpt` text NOT NULL,
  `content` text NOT NULL,
  `pic` varchar(500) NOT NULL,
  `visit_count` int(11) NOT NULL DEFAULT 0,
  `cat_id` int(11) NOT NULL DEFAULT 0,
  `created_at` date NOT NULL
) ENGINE=InnoDB DEFAULT CHARSET=utf32;

--
-- Dumping data for table `news`
--

INSERT INTO `news` (`id`, `title`, `excerpt`, `content`, `pic`, `visit_count`, `cat_id`, `created_at`) VALUES
(1, 'چطور پارگی «تاندون شانه» را درمان کنیم؟', 'متخصص ارتوپدی گفت: دردهای ناشی از پارگی تاندون سرشانه از شایع‌ترین دردهای ناحیه شانه به شمار می‌روند و پارگی تاندون سرشانه شایع ترین علت این دردهاست.', 'به گزارش گروه  سلامت خبرگزاری فارس، مرتضی نخعی، دانشیار دانشگاه علوم پزشکی ایران درباره برگزاری کنفرانس علمی ماهانه انجمن جراحان ارتوپدی ایران، اظهار داشت: در این کنفرانس دو موضوع پارگی تاندون دوسر بازویی و پارگی تاندون سر شانه از نوع غیر قابل ترمیم با حضور اساتید و صاحبنظران برجسته مورد بحث و گفت‌وگو قرار گرفت.وی افزود: دردهای ناشی از پارگی تاندون سرشانه از شایع‌ترین دردهای ناحیه شانه به شمار می‌روند و پارگی تاندون سرشانه شایع ترین علت این دردهاست.این جراح شانه و آرنج ادامه داد: تاندون سرشانه از استخوان کتف منشا می گیرد و خود مرکب از چهار تاندون است و به استخوان بازو می‌چسبد که باعث حرکت بازو در مفصل شانه می‌شود. نخعی گفت: پارگی تاندون سرشانه اصولاً در سن میانسالی به بعد بروز می‌یابد و علامت آن درد شانه است که به ویژه هنگام بالا بردن دست این درد تشدید می‌شود. این درد در  ناحیه بازو در سمت خارج آن که درجه نظامی را می چسبانند شایع‌تر است.وی خاطرنشان کرد: تشخیص این بیماری بر اساس گرفتن شرح حال بیمار، معاینه کامل، انجام عکس ساده و در نهایت MRI است که سه مورد اولی مهمتر از انجام MRI  بوده و از راه دور به هیچ عنوان نمی‌توان تشخیص دقیق داد که بیمار دچار پارگی تاندون سرشانه است.دانشیار دانشگاه علوم پزشکی ایران گفت: گاهی  یافته هایی در عکس ساده رادیوگرافی دیده می شود که از طریق ام آر آی امکان‌پذیر نیست؛ بنابراین به هیچ عنوان نباید ام آر آی را جایگزین عکس‌ساده رادیولوژی کرد.این جراح ارتوپدی بیان داشت: اگر پارگی تاندون سرشانه در اثر ضربه و به صورت حاد باشد، از طریق جراحی باید برای آن اقدام کرد ولی اگر پارگی حاد نباشند و مریض هم ناتوان و با در سن بالا  باشد اول با فیزیوتراپی درمان می‌کنیم و اگر جواب نداد نسبت به انجام جراحی اقدام خواهیم کرد. نخعی خاطرنشان کرد: البته باید یک فرصت ۴ تا ۶ ماه برای فیزیوتراپی به بیمار داد و معمولاً اگر بعد از ۲۰ تا ۳۰ جلسه فیزیوتراپی وضعیت بیمار بهبود نیافت نسبت به جراحی اقدام می‌شود؛ همچنین باید به این نکته توجه داشت که تزریق کورتون فقط یک بار آن هم در شرایطی که بیمار شدیداً درد دارد و نمی‌تواند به دلیل درد فیزیوتراپی را تحمل کند مجاز خواهد بود و در غیر اینصورت دارای عوارض است.این جراح شانه و آرنج گفت: روش‌های PRP، ازون تراپی و استفاده از ژل اثر شناخته شده‌ای در درمان پارگی تاندون شانه ندارند و همه این روشها در حال حاضر در دست تحقیق هستند؛ لذا برای انجام این موارد توصیه نمی‌شود.وی تصریح کرد: اگر نسبت به درمان بیمار تاخیر شود پارگی تاندون سرشانه بزرگ تر خواهد شد و ممکن است دیگر توسط جراحی قابل ترمیم نباشد که در مورد این موضوع بحث و گفت وگوهایی میان اساتید انجام گرفت و راهکاریی در این زمینه ارائه شد.نخعی اظهار داشت: در این شرایط اگر درد بیمار کم باشد اصولاً عمل جراحی انجام نمی‌دهیم و با فیزیوتراپی و مسکن وضعیت بیمار را بهبود می‌بخشیم؛ به ویژه اگر سن بیمار نیز بالا باشد.وی یادآور شد: ولی اگر سن بیمار پایین باشد و درد آن با فیزیوتراپی ساکت نشود جراحی انجام می‌دهیم که این نوع جراحی دو روش دارد؛ در یک مدل از روش جراحی  با عمل ممکن است تا حد ممکن تاندون را ترمیم کنیم تا درد ساکن شود و در این روش استخوان آکرومیون را نیز می تراشیم و اصولاً این روش سبب بهبود بیمار خواهد شد.دانشیار دانشگاه علوم پزشکی ایران خاطرنشان کرد: نوع دوم عمل جراحی به این صورت است که درمان تعویض مفصل شانه انجام می گیرد و مفصل سر استخوان بازو برداشته می‌ شود و جایگزین فلزی برای آن انجام می گیرد.وی گفت: به طور کلی تعویض مفصل شانه به صورت جراحی باز انجام می‌گیرد و اگر به دلیل پارگی تاندون سرشانه باشد به صورت تعویض مفصل معکوس شانه انجام می شود. نخعی تاکید کرد: تشخیص به موقع و دقیق پارگی تاندون سرشانه در درمان موفقیت آمیز بیماری حائز اهمیت است.', 'f4.jpg', 10, 2, '0000-00-00'),
(2, 'بدون دریافت خدمات پشتیبانی، آنلاین هتل رزرو نکنید', 'وقتی حرف از برنامه‌ریزی برای سفرهای داخلی و خارجی به میان می‌آید، چگونگی انتخاب و رزرو آسان، سریع و آنلاین هتل ذهن بسیاری از مسافران را به خود مشغول می‌کند.', 'وقتی حرف از برنامه‌ریزی برای سفرهای داخلی و خارجی به میان می‌آید، چگونگی انتخاب و رزرو آسان، سریع و آنلاین  هتل ذهن بسیاری از مسافران را به خود مشغول می‌کند. این موضوع دغدغه ارائه‌دهندگان خدمات گردشگری نیز بوده و به همین دلیل امروز کسب‌وکارهای اصلی این حوزه با ارائه راه‌حل‌هایی چون فراهم کردن امکان رزرو آنلاین هتل، ارائه خدمات پشتیبانی باکیفیت و... روند رزرو هتل و داخلی را تسهیل کرده‌اند.در این زمینه علی بابا، رتبه یک سفر با ارائه خدمت رزرو آنلاین هتل داخلی و خارجی در وب‌سایت خود، این امکان را برای کاربران فراهم کرده تا علاوه بر خرید بلیط سفر، هتل خود را نیز از علی بابا رزرو کنند.کاربران می‌توانند برای رزرو آنلاین هتل داخلی مانند رزرو هتل در مشهد از علی بابا از طریق وب‌سایت علی بابا، اقدام و در صورت نیاز از خدمات مشاوره تیم پشتیبانی علی بابا استفاده کنند.بررسی قیمت و کیفیت خدمات، پرداخت آنلاین و ریالی، پشتیبانی 24 ساعته در 7 روز هفته و استرداد هزینه رزرو هتل از جمله امکاناتی است که علی بابا در اختیار کاربرانش قرار داده است. اگر قصد سفر به هر نقطه از جهان را دارید و می‌خواهید آنلاین هتل رزرو کنید، همین حالا به وب‌سایت علی بابا مراجعه کنید./', '2a.jpg', 3, 3, '0000-00-00'),
(3, 'سرویس هوایی اسنپ به زودی راه‌اندازی می‌شود', 'سامانه هوشمند اسنپ بعد از چند سال فعالیت در حوزه حمل‌ونقل اینترنتی حالا در حال بررسی سازوکار سرویس هوایی است.', 'اخبار شرکت‌ها/سامانه هوشمند اسنپ بعد از چند سال فعالیت در حوزه حمل‌ونقل اینترنتی حالا در حال بررسی سازوکار سرویس هوایی است. از آن‌جایی‌که مساله حمل‌ونقل همیشه یکی از مهم‌ترین موضوعات مردم بوده و هست، هر راه‌کار تازه‌ای که بتواند باری از دوش سختی‌های موجود بردارد و شیوه رسیدن از مبدا به مقصد را بهینه کند، مورد استقبال قرار می‌گیرد. اسنپ بعد از خدمت‌رسانی به مردم در راستای ارائه سرویس‌های امن و در دسترس در قالب تاکسی و موتور، حالا برای جابه‌جایی مسافران در شرایط ضروری بنا دارد سرویس هوایی راه‌اندازی کند.این سرویس به طور ویژه به منظور تسهیل رفت‌وآمد کسانی که در شرایط خاص لازم است در کمترین زمان به شهر دیگری برسند، راه‌اندازی خواهد شد و مهارت‌های عمومی ایران را در حوزه صنعت و خدمات هوانوردی به شدت ارتقا می‌دهد. در حال حاضر تیم استراتژی و تحقیقات بازار اسنپ با همکاری متخصصان این حوزه در حال بررسی زیرساخت‌های موجود و سنجش شرایط لازم هستند.آن‌طور که میثم محمدی‌امین، عضو هیأت علمی پژوهشگاه هواوفضا و مدیر گروه پژوهشی علوم هوایی می‌گوید:« بحث تاکسی‌های هوایی چند سالی هست که در کشورهای مختلف دنیا در حال بررسی و اجرا است. سامانه تاکسی هوایی یا ایرتاکسی شاید اولین نمونه کاربردی وسایل هوانوردی عمومی، عمدتا هواپیماهای ۲تا۹ نفره در صنعت حمل‌ونقل مسافر باشد که در کشور ما توجه زیادی به آن نشده است. این سامانه در سال‌های اخیر با طرح پرواز اشتراکی مبتنی بر بسترهای آنلاین شکل جدیدی به خودش گرفته و بدون‌شک با توجه به توسعه‌‌های فناورانه در حوزه مخابرات و ناوبری ماهواره‌ای، پهپادهای عمودپرواز با قابلیت حمل مسافر و پیشرانه‌های جت کارآمد و کم‌وزن در آینده شاهد تحول شگرفی در حوزه حمل‌ونقل هوایی خواهیم بود.»محمدی‌امین همچنین با اشاره به پتانسیل‌های موجود در ایران، درباره امکان‌سنجی راه‌اندازی این سرویس خبر می‌دهد:« ما امروز در ایران تعداد زیادی هواپیمای فوق‌سبک و خلبان آموزش‌دیده، علاقه‌مند و فعال داریم که آماده پرواز هستند. همچنین تعداد زیادی فرودگاه کم‌ترافیک در شهرهای مختلف وجود دارد که می‌توان از این ظرفیت‌ها در راستای تسهیل سفرهای فوری و کوتاه‌مدت استفاده کرد. این هدف در مرحله اول با استفاده از هواگردهای سبک موجود در کشور قابل تحقق است و در صورت موفقیت می‌تواند با تزریق سرمایه و توسعه ناوگان گسترش پیدا کند.»سامانه هوشمند اسنپ در طول ۵سال گذشته همواره در تلاش بوده تا با ارائه خدمات متنوع بتواند بهترین سرویس‌ را در اختیار کاربران خود بگذارد. سرویس هوایی اسنپ خدمت دیگری است که بدون‌شک می‌تواند نیاز بخشی از افراد جامعه را به خوبی مرتفع کند؛ باشد که هر روز شاهد اتفاقات تازه‌ای در دنیای حمل‌ونقل باشیم.', '3a.jpg', 75, 4, '0000-00-00'),
(4, 'پایان کار ستاره بسکتبال ایران در تیم نانجینگ چین', 'حامد حدادی با اتمام قراردادش با تیم نانجینگ به کار خود در لیگ بسکتبال چین خاتمه داد.', 'به گزارش خبرنگار ورزشی خبرگزاری فارس، حامد حدادی که در این فصل از لیگ بسکتبال چین در تیم نانجینگ حضور داشت از این تیم جدا شد.قرارداد حدادی با تیم نانجینگ تضمین شده تا پایان فصل نبوده به همین دلیل ستاره بسکتبال کشورمان به کار خود در این لیگ پایان داد. گفته می‌شود حدادی شاید در یکی از تیم‌های لیگ برتری کشورمان به میدان برود. حدادی در گفت وگو با  فارس این خبر را تایید  کرد.به گزارش فارس، با جدایی حدادی احتمالاً بهنام یخچالی دیگر بازیکن کشورمان به ترکیب نانجینگ بازمی‌گردد. این بازیکن به دلیل محدودیت حضور بازیکنان آسیایی مدتی از ترکیب نانجینگ دور بود.', '4a.jpg', 22, 1, '0000-00-00'),
(14, 'عنوان نمونه خبر ورزشی 1', 'گزیده نمونه خبر ورزشی 1', 'محتوا نمونه خبر ورزشی 1', 'sg1.jpg', 16, 1, '0000-00-00'),
(15, 'عنوان نمونه خبر ورزشی 2', 'گزیده نمونه خبر ورزشی 2', 'محتوا نمونه خبر ورزشی 2', 'sg4.jpg', 81, 1, '0000-00-00'),
(16, 'عنوان نمونه خبر ورزشی 3', 'گزیده نمونه خبر ورزشی 3', 'محتوا نمونه خبر ورزشی 3', 'sg5.jpg', 0, 1, '0000-00-00'),
(17, 'عنوان نمونه خبر ورزشی 4', 'گزیده نمونه خبر ورزشی 4', 'محتوا نمونه خبر ورزشی 4', 'sg6.jpg', 36, 1, '0000-00-00'),
(18, 'عنوان نمونه خبر ورزشی 5', 'گزیده نمونه خبر ورزشی 5', 'محتوا نمونه خبر ورزشی 5', 'tcrt1.jpg', 14, 1, '0000-00-00'),
(19, 'عنوان نمونه خبر سلامتی 1', 'گزیده نمونه خبر سلامتی 1', 'محتوا نمونه خبر سلامتی 1', 'l1.jpg', 8, 2, '0000-00-00'),
(20, 'عنوان نمونه خبر سلامتی 2', 'گزیده نمونه خبر سلامتی 2', 'محتوا نمونه خبر سلامتی 2', 's1.jpg', 1, 2, '0000-00-00'),
(21, 'عنوان نمونه خبر سلامتی 3', 'گزیده نمونه خبر سلامتی 3', 'محتوا نمونه خبر سلامتی 3', 'l2.jpg', 7, 2, '0000-00-00'),
(22, 'عنوان نمونه خبر سلامتی 4', 'گزیده نمونه خبر سلامتی 4', 'محتوا نمونه خبر سلامتی 4', 's2.jpg', 30, 2, '0000-00-00'),
(23, 'عنوان نمونه خبر سلامتی 5', 'گزیده نمونه خبر سلامتی 5', 'محتوا نمونه خبر سلامتی 5', 'l3.jpg', 41, 2, '0000-00-00'),
(24, 'عنوان نمونه خبر بازار 1', 'گزیده نمونه خبر بازار 1', 'محتوا نمونه خبر بازار 1', 'bus1.jpg', 15, 3, '0000-00-00'),
(25, 'عنوان نمونه خبر بازار 2', 'گزیده نمونه خبر بازار 2', 'محتوا نمونه خبر بازار 2', 'bus2.jpg', 49, 3, '0000-00-00'),
(26, 'عنوان نمونه خبر بازار 3', 'گزیده نمونه خبر بازار 3', 'محتوا نمونه خبر بازار 3', 'bus3.jpg', 1, 3, '0000-00-00'),
(27, 'عنوان نمونه خبر بازار 4', 'گزیده نمونه خبر بازار 4', 'محتوا نمونه خبر بازار 4', 'bus4.jpg', 42, 3, '0000-00-00'),
(28, 'عنوان نمونه خبر بازار 5', 'گزیده نمونه خبر بازار 5', 'محتوا نمونه خبر بازار 5', 'popular-1.jpg', 24, 3, '0000-00-00'),
(29, 'عنوان نمونه خبر تکنولوژی 1', 'گزیده نمونه خبر تکنولوژی 1', 'محتوا نمونه خبر تکنولوژی 1', 'business1.jpg', 9, 4, '0000-00-00'),
(30, 'عنوان نمونه خبر تکنولوژی 2', 'گزیده نمونه خبر تکنولوژی 2', 'محتوا نمونه خبر تکنولوژی 2', 'business2.jpg', 75, 4, '0000-00-00'),
(31, 'عنوان نمونه خبر تکنولوژی 3', 'گزیده نمونه خبر تکنولوژی 3', 'محتوا نمونه خبر تکنولوژی 3', 'business3.jpg', 0, 4, '0000-00-00'),
(32, 'عنوان نمونه خبر تکنولوژی 4', 'گزیده نمونه خبر تکنولوژی 4', 'محتوا نمونه خبر تکنولوژی 4', 'business4.jpg', 66, 4, '0000-00-00'),
(33, 'عنوان نمونه خبر تکنولوژی 5', 'گزیده نمونه خبر تکنولوژی 5', 'محتوا نمونه خبر تکنولوژی 5', 'tech1.jpg', 19, 4, '0000-00-00');

-- --------------------------------------------------------

--
-- Table structure for table `news_cat`
--

CREATE TABLE `news_cat` (
  `id` int(11) NOT NULL,
  `title` varchar(100) NOT NULL
) ENGINE=InnoDB DEFAULT CHARSET=utf32;

--
-- Dumping data for table `news_cat`
--

INSERT INTO `news_cat` (`id`, `title`) VALUES
(1, 'ورزشی'),
(2, 'سلامتی'),
(3, 'بازار'),
(4, 'تکنولوژی');

-- --------------------------------------------------------

--
-- Table structure for table `news_comment`
--

CREATE TABLE `news_comment` (
  `id` int(11) NOT NULL,
  `name` varchar(250) NOT NULL,
  `email` varchar(250) NOT NULL,
  `message` text NOT NULL,
  `news_id` int(11) NOT NULL
) ENGINE=InnoDB DEFAULT CHARSET=utf32;

--
-- Dumping data for table `news_comment`
--

INSERT INTO `news_comment` (`id`, `name`, `email`, `message`, `news_id`) VALUES
(1, 'سارا', 'sara.gmail.com', 'مطالب ورزشی خوبی میذارید مرسی:)', 1),
(3, 'ali', 'a@gmail.com', 'به به چه خوبه سایتتون :))', 29),
(4, 'mahya', 'jokar@gmail.com', 'خبر ورزشی 3 خیلی پر محتواس', 16);

-- --------------------------------------------------------

--
-- Table structure for table `slider`
--

CREATE TABLE `slider` (
  `id` int(11) NOT NULL,
  `title` varchar(250) NOT NULL,
  `address` varchar(500) NOT NULL
) ENGINE=InnoDB DEFAULT CHARSET=utf32;

--
-- Dumping data for table `slider`
--

INSERT INTO `slider` (`id`, `title`, `address`) VALUES
(1, 'رسانه های جمعی \"روزنامه\"', 'article4.jpg'),
(2, 'فضای بکر', 'article3.jpg'),
(3, 'فتح جزایر قناری', '1.jpg');

-- --------------------------------------------------------

--
-- Table structure for table `user`
--

CREATE TABLE `user` (
  `id` int(11) NOT NULL,
  `username` varchar(100) NOT NULL,
  `password` varchar(100) NOT NULL,
  `email` varchar(200) NOT NULL,
  `access_level` int(11) NOT NULL
) ENGINE=InnoDB DEFAULT CHARSET=utf32;

--
-- Dumping data for table `user`
--

INSERT INTO `user` (`id`, `username`, `password`, `email`, `access_level`) VALUES
(1, 'sb', '123', '', 1),
(2, 'ma', '321', '', 1),
(3, 'aa', '753', '', 0),
(4, 'bb', '951', '', 0);

--
-- Indexes for dumped tables
--

--
-- Indexes for table `contact_us`
--
ALTER TABLE `contact_us`
  ADD PRIMARY KEY (`id`);

--
-- Indexes for table `news`
--
ALTER TABLE `news`
  ADD PRIMARY KEY (`id`);

--
-- Indexes for table `news_cat`
--
ALTER TABLE `news_cat`
  ADD PRIMARY KEY (`id`);

--
-- Indexes for table `news_comment`
--
ALTER TABLE `news_comment`
  ADD PRIMARY KEY (`id`);

--
-- Indexes for table `slider`
--
ALTER TABLE `slider`
  ADD PRIMARY KEY (`id`);

--
-- Indexes for table `user`
--
ALTER TABLE `user`
  ADD PRIMARY KEY (`id`);

--
-- AUTO_INCREMENT for dumped tables
--

--
-- AUTO_INCREMENT for table `contact_us`
--
ALTER TABLE `contact_us`
  MODIFY `id` int(11) NOT NULL AUTO_INCREMENT, AUTO_INCREMENT=11;

--
-- AUTO_INCREMENT for table `news`
--
ALTER TABLE `news`
  MODIFY `id` int(11) NOT NULL AUTO_INCREMENT, AUTO_INCREMENT=34;

--
-- AUTO_INCREMENT for table `news_cat`
--
ALTER TABLE `news_cat`
  MODIFY `id` int(11) NOT NULL AUTO_INCREMENT, AUTO_INCREMENT=8;

--
-- AUTO_INCREMENT for table `news_comment`
--
ALTER TABLE `news_comment`
  MODIFY `id` int(11) NOT NULL AUTO_INCREMENT, AUTO_INCREMENT=5;

--
-- AUTO_INCREMENT for table `slider`
--
ALTER TABLE `slider`
  MODIFY `id` int(11) NOT NULL AUTO_INCREMENT, AUTO_INCREMENT=6;

--
-- AUTO_INCREMENT for table `user`
--
ALTER TABLE `user`
  MODIFY `id` int(11) NOT NULL AUTO_INCREMENT, AUTO_INCREMENT=5;
COMMIT;

/*!40101 SET CHARACTER_SET_CLIENT=@OLD_CHARACTER_SET_CLIENT */;
/*!40101 SET CHARACTER_SET_RESULTS=@OLD_CHARACTER_SET_RESULTS */;
/*!40101 SET COLLATION_CONNECTION=@OLD_COLLATION_CONNECTION */;
